,episode,score,avg_score,epsilon
0,0,-362.1905412222688,-362.1905412222688,0.9976000000000003
1,1,-98.28014058298024,-230.2353409026245,0.9863000000000015
2,2,-240.81374759171135,-233.76147646565346,0.9778000000000024
3,3,-115.38293747254986,-204.16684171737757,0.9712000000000032
4,4,-113.30703767022148,-185.99488090794634,0.9631000000000041
5,5,-397.26321132619495,-221.20626931098778,0.9522000000000053
6,6,-99.94962785771135,-203.88389196051975,0.9408000000000065
7,7,-90.8076021579385,-189.74935573519707,0.9322000000000075
8,8,-92.25238197320358,-178.91635865053115,0.9239000000000084
9,9,-164.459896900975,-177.47071247557554,0.9143000000000094
10,10,-187.38576683270335,-178.37208105349626,0.9022000000000108
11,11,-246.95521194273582,-184.0873419609329,0.8938000000000117
12,12,-58.71999483493832,-174.44369987431793,0.8841000000000128
13,13,-144.39748451228954,-172.29754163417303,0.8723000000000141
14,14,-120.38605290703148,-168.83677571903027,0.8656000000000148
15,15,-15.422504613678413,-159.24838377494575,0.8538000000000161
16,16,-289.6577491681246,-166.919522915721,0.845500000000017
17,17,-136.48522011719965,-165.22872831580312,0.8358000000000181
18,18,-69.04595860414868,-160.16647727834766,0.8282000000000189
19,19,-27.967400189253027,-153.5565234238929,0.8198000000000198
20,20,-169.104560433026,-154.29690613861354,0.8103000000000209
21,21,-144.9324079319262,-153.87124712921866,0.8014000000000219
22,22,-71.7013398686539,-150.29864246571586,0.7940000000000227
23,23,-200.32703880422451,-152.38315897982037,0.7830000000000239
24,24,-164.07880090122896,-152.8509846566767,0.7709000000000252
25,25,-73.23861412992551,-149.78897040564783,0.764000000000026
26,26,-319.86450166710085,-156.088064156072,0.7534000000000272
27,27,-210.91419380755346,-158.0461402150535,0.7396000000000287
28,28,-82.51418170374257,-155.44158992156002,0.7286000000000299
29,29,-132.8625880669626,-154.68895652640677,0.7195000000000309
30,30,-79.84028239938863,-152.2744831674707,0.7116000000000318
31,31,-98.72088517015767,-150.60093323005464,0.7023000000000328
32,32,-322.8054963310017,-155.81925332402272,0.6899000000000342
33,33,43.12512419974561,-149.96794810273542,0.6797000000000353
34,34,-38.732629620197685,-146.78979614609148,0.6704000000000363
35,35,-89.30045940989889,-145.1928701256417,0.6581000000000377
36,36,-295.2173915037043,-149.2475869196434,0.6489000000000387
37,37,-226.09881810997325,-151.26998774044154,0.6392000000000397
38,38,-167.47587837402023,-151.68552339771279,0.6302000000000407
39,39,-16.995641879056606,-148.31827635974642,0.6156000000000423
40,40,-124.93407704097676,-147.7479300348984,0.6087000000000431
41,41,-140.58957555122913,-147.57749302338246,0.5986000000000442
42,42,-89.57956470311464,-146.22870399267856,0.5880000000000454
43,43,-42.41079012310031,-143.86920595018813,0.5755000000000468
44,44,-104.4155645354562,-142.9924583631941,0.564400000000048
45,45,-70.56678706904248,-141.41798724810383,0.5556000000000489
46,46,-238.18677774298754,-143.47689768416518,0.5426000000000504
47,47,-27.19473986406028,-141.05435272957965,0.5286000000000519
48,48,-157.08877074691725,-141.38158575034163,0.518400000000053
49,49,-237.64521153493416,-143.3068582660335,0.49740000000005535
50,50,-67.4293424124924,-141.8190638375327,0.4836000000000569
51,51,-115.42643567406316,-141.3115132959275,0.4559000000000599
52,52,-151.9329197030632,-141.51191719040176,0.44480000000006115
53,53,-177.89880221130022,-142.18574839449246,0.43470000000006226
54,54,-219.3209744962146,-143.5882070508874,0.42470000000006336
55,55,-200.63444895224166,-144.60688994198304,0.41310000000006464
56,56,-32.111388736957934,-142.63328465768436,0.400600000000066
57,57,-245.39254725073786,-144.4049960817025,0.36420000000007
58,58,-158.70933099084,-144.64744243609465,0.27040000000008035
59,59,-47.87727688230059,-143.0346063435314,0.2589000000000816
60,60,-116.96240171198723,-142.60719315285036,0.15890000000009263
61,61,-261.0128988978274,-144.51696260034998,0.14960000000009366
62,62,-147.24596009243714,-144.56028002085932,0.04960000000009421
63,63,-108.1101184006171,-143.99074624554305,0.01
64,64,-102.20923379665693,-143.3479537463294,0.01
65,65,-91.87021648888243,-142.56798803030748,0.01
66,66,-128.42026662560468,-142.35682800934177,0.01
67,67,-72.84250206494778,-141.3345585101595,0.01
68,68,-98.22383011061457,-140.70976534494872,0.01
69,69,-134.56310164800644,-140.6219558635638,0.01
70,70,-126.47366564908388,-140.42268417040214,0.01
71,71,-75.59508552551917,-139.52230085588988,0.01
72,72,-123.38802855953965,-139.30128342717276,0.01
73,73,-35.73044884705805,-137.9016775544685,0.01
74,74,-42.33004858572032,-136.62738916821854,0.01
75,75,-75.80578002365024,-135.82710483736895,0.01
76,76,-45.53742996190194,-134.6545116571681,0.01
77,77,-12.843769238224768,-133.09283547230984,0.01
78,78,-44.24381889931506,-131.96816437644915,0.01
79,79,-6.124515240871033,-130.3951187622544,0.01
80,80,7.848343082864144,-128.6884093567591,0.01
81,81,-45.436449758271955,-127.67314155677757,0.01
82,82,-15.910574438111576,-126.32660460354063,0.01
83,83,-9.115876166795909,-124.93123878881748,0.01
84,84,-44.52226062854287,-123.9852508104613,0.01
85,85,-34.23778131660968,-122.94167558378861,0.01
86,86,-21.97780508220288,-121.78117132514969,0.01
87,87,-50.77825443841235,-120.9743199968913,0.01
88,88,-15.548553562465159,-119.78976082347077,0.01
89,89,-24.854028503088276,-118.73491935324431,0.01
90,90,-39.36010409142625,-117.86266863608147,0.01
91,91,-43.971000977337525,-117.05949833544294,0.01
92,92,-66.69009548406032,-116.51789185317,0.01
93,93,-26.84102069248766,-115.56388258550317,0.01
94,94,-69.60427892577776,-115.08009728382184,0.01
95,95,-26.326309036766055,-114.1555786562484,0.01
96,96,-13.660705628362262,-113.11954903740421,0.01
97,97,-37.52829884861013,-112.34820974976346,0.01
98,98,-41.94246568794999,-111.63704061782595,0.01
99,99,-80.80909936712301,-111.32876120531891,0.01
100,100,-77.45525238451546,-108.48140831694135,0.01
101,101,-50.909525858759736,-108.00770216969917,0.01
102,102,-33.11042673373114,-105.93066896111935,0.01
103,103,-22.651428557812206,-105.003353871972,0.01
104,104,-50.86158591815541,-104.37889935445132,0.01
105,105,-94.71436179712958,-101.35341085916065,0.01
106,106,-107.65041716654642,-101.43041875224898,0.01
107,107,-50.033136203668136,-101.02267409270631,0.01
108,108,-20.935953694711863,-100.30950980992138,0.01
109,109,-13.552557199311734,-98.80043641290476,0.01
110,110,-39.593323291338,-97.3225119774911,0.01
111,111,6.948875710352686,-94.78347110096023,0.01
112,112,-40.68851968274564,-94.60315634943828,0.01
113,113,-30.403535365656587,-93.46321685797197,0.01
114,114,192.53514946585113,-90.33400483424315,0.01
115,115,-27.334270365926542,-90.45312249176563,0.01
116,116,-88.60891851230174,-88.4426341852074,0.01
117,117,122.84551354924255,-85.84932684854297,0.01
118,118,-13.56523979772064,-85.29451966047871,0.01
119,119,-17.676986295470144,-85.19161552154088,0.01
120,120,-84.38325538275868,-84.34440247103818,0.01
121,121,-340.92157221865523,-86.30429411390547,0.01
122,122,-178.82404729496992,-87.3755211881686,0.01
123,123,-293.0173765293821,-88.30242456542021,0.01
124,124,-6.583861992809754,-86.72747517633601,0.01
125,125,-114.94559129961806,-87.14454494803293,0.01
126,126,-21.351853434992165,-84.15941846571184,0.01
127,127,-147.98606942993285,-83.53013722193566,0.01
128,128,-79.57728369613926,-83.50076824185962,0.01
129,129,-42.03740018827176,-82.59251636307272,0.01
130,130,122.18188554450539,-80.57229468363379,0.01
131,131,-54.327400785843686,-80.12835983979063,0.01
132,132,-111.2981769718533,-78.01328664619915,0.01
133,133,-3.8471626441126148,-78.48300951463773,0.01
134,134,9.854883783369303,-77.99713438060206,0.01
135,135,-479.84116941837317,-81.90254148068679,0.01
136,136,-270.33306705731275,-81.65369823622288,0.01
137,137,-167.40030338008938,-81.06671308892405,0.01
138,138,-152.21524968082127,-80.91410680199206,0.01
139,139,-72.75604520608094,-81.47171083526229,0.01
140,140,-99.59277145251781,-81.21829777937769,0.01
141,141,-230.7647703383062,-82.12004972724849,0.01
142,142,-209.7600680285459,-83.32185476050279,0.01
143,143,-194.13018232440373,-84.83904868251582,0.01
144,144,-236.10578254026933,-86.15595086256397,0.01
145,145,200.7787863788722,-83.44249512808481,0.01
146,146,-158.58976517536792,-82.6465250024086,0.01
147,147,-31.233471878784215,-82.68691232255586,0.01
148,148,-66.40466047004975,-81.78007121978717,0.01
149,149,-17.468347183697404,-79.5783025762748,0.01
150,150,-178.6795803633359,-80.69080495578324,0.01
151,151,-222.48651616043935,-81.76140576064701,0.01
152,152,-315.1252885337466,-83.39332944895385,0.01
153,153,-315.2480566638334,-84.76682199347917,0.01
154,154,-154.00648799389631,-84.11367712845599,0.01
155,155,-163.9151434745337,-83.74648407367891,0.01
156,156,-176.58567512157617,-85.1912269375251,0.01
157,157,-194.51079986576877,-84.68240946367541,0.01
158,158,-232.43614101021248,-85.41967756386912,0.01
159,159,-230.0520152761913,-87.24142494780804,0.01
160,160,-215.373752638969,-88.22553845707786,0.01
161,161,-210.66666750531274,-87.72207614315272,0.01
162,162,-222.2847249089026,-88.47246379131737,0.01
163,163,-186.33738485801155,-89.25473645589132,0.01
164,164,-202.49053431788064,-90.25754946110355,0.01
165,165,-321.84777514836645,-92.55732504769838,0.01
166,166,-199.23301288259916,-93.26545251026833,0.01
167,167,-293.16869411733745,-95.46871443079222,0.01
168,168,-235.4895388916483,-96.84137151860257,0.01
169,169,-388.98129384412704,-99.38555344056377,0.01
170,170,-271.1130752906878,-100.83194753697981,0.01
171,171,-304.8088403975953,-103.12408508570057,0.01
172,172,-321.20992952846456,-105.10230409538981,0.01
173,173,-296.67003074112966,-107.71169991433057,0.01
174,174,-396.21645053650275,-111.25056393383838,0.01
175,175,-249.9789559669402,-112.9922956932713,0.01
176,176,-227.68093390571556,-114.81373073270943,0.01
177,177,-172.79259775043948,-116.41321901783158,0.01
178,178,-281.58236339304324,-118.78660446276886,0.01
179,179,-249.02416845951464,-121.21560099495528,0.01
180,180,-275.53084550194677,-124.04939288080341,0.01
181,181,-265.72567120239137,-126.25228509524459,0.01
182,182,-272.42716476181675,-128.81745099848166,0.01
183,183,-350.61019837545837,-132.23239422056827,0.01
184,184,-308.9238102426162,-134.876409716709,0.01
185,185,-239.14032877493534,-136.92543519129222,0.01
186,186,-224.31543983198992,-138.9488115387901,0.01
187,187,-199.25453706140092,-140.43357436501998,0.01
188,188,-204.27773944236134,-142.32086622381894,0.01
189,189,-180.66606437737707,-143.87898658256185,0.01
190,190,-171.8506357973906,-145.20389189962148,0.01
191,191,-223.16299322977574,-146.99581182214587,0.01
192,192,-176.7464490898957,-148.09637535820423,0.01
193,193,-199.69369880705813,-149.82490213934994,0.01
194,194,-153.1703114589701,-150.66056246468187,0.01
195,195,-5.103150177692785,-150.44833087609112,0.01
196,196,-35.775327575594815,-150.66947709556342,0.01
197,197,5.298430526225603,-150.24120980181507,0.01
198,198,-21.187403616340397,-150.03365918109898,0.01
199,199,166.7293174194262,-147.5582750132335,0.01
200,200,-102.11001916725414,-147.8048226810609,0.01
201,201,8.827154988404248,-147.20745587258924,0.01
202,202,31.792854966977472,-146.55842305558215,0.01
203,203,270.04741359932245,-143.63143463401082,0.01
204,204,144.9550115500852,-141.6732686593284,0.01
205,205,214.90163054927984,-138.5771087358643,0.01
206,206,208.27326622408995,-135.4178719019579,0.01
207,207,225.78803989962876,-132.65966014092493,0.01
208,208,-52.27875367615995,-132.97308814073946,0.01
209,209,-42.700552125088684,-133.26456808999723,0.01
210,210,-10.907292156179457,-132.97770777864565,0.01
211,211,-21.078942561167892,-133.25798596136084,0.01
212,212,-447.22014727270414,-137.32330223726044,0.01
213,213,-32.40421162611721,-137.34330899986506,0.01
214,214,-468.2390554562004,-143.95105104908555,0.01
215,215,8.720334705179809,-143.59050499837448,0.01
216,216,-131.0336492229051,-144.01475230548053,0.01
217,217,-279.0321079431221,-148.0335285204042,0.01
218,218,-162.04427771609735,-149.5183188995879,0.01
219,219,-23.805401709371427,-149.57960305372694,0.01
220,220,-53.519111920648015,-149.27096161910583,0.01
221,221,-225.08330660363885,-148.1125789629557,0.01
222,222,-17.068689511984633,-146.49502538512584,0.01
223,223,-96.98096887215422,-144.53466130855358,0.01
224,224,-268.57671826486006,-147.15458987127406,0.01
225,225,-343.36190085263314,-149.4387529668042,0.01
226,226,-218.57148642658828,-151.41094929672016,0.01
227,227,-315.1002608677519,-153.08209121109837,0.01
228,228,-392.2257343857649,-156.20857571799462,0.01
229,229,-421.26676169698186,-160.0008693330817,0.01
230,230,-282.1118799750442,-164.0438069882772,0.01
231,231,-408.8726377967569,-167.58925935838633,0.01
232,232,-355.80070972325655,-170.03428468590036,0.01
233,233,-305.84901974460024,-173.05430325690526,0.01
234,234,-364.6287335420049,-176.799139430159,0.01
235,235,-342.74817228028166,-175.42820945877807,0.01
236,236,-326.8133015026001,-175.99301180323096,0.01
237,237,-267.3604987313137,-176.99261375674317,0.01
238,238,-274.6420310453555,-178.21688157038847,0.01
239,239,-339.5032916700644,-180.88435403502834,0.01
240,240,255.13783216128965,-177.33704799889026,0.01
241,241,-234.4420710510054,-177.37382100601727,0.01
242,242,-352.9967403807524,-178.80618772953937,0.01
243,243,143.73522829227656,-175.42753362337254,0.01
244,244,-257.2541516254437,-175.6390173142243,0.01
245,245,-212.49958427545488,-179.77180102076755,0.01
246,246,-186.81579861745672,-180.0540613551884,0.01
247,247,-223.2516546344225,-181.97424318274483,0.01
248,248,-305.28245932299524,-184.3630211712743,0.01
249,249,-173.05757623017746,-185.9189134617391,0.01
250,250,-190.32243552760914,-186.0353420133819,0.01
251,251,-64.66341071995862,-184.45711095897704,0.01
252,252,-317.427425560182,-184.4801323292414,0.01
253,253,-247.00785303819714,-183.797730292985,0.01
254,254,-68.93183451362218,-182.94698375818228,0.01
255,255,-231.42550598876076,-183.62208738332455,0.01
256,256,-74.92017428796133,-182.60543237498842,0.01
257,257,-6.7761619951482,-180.72808599628218,0.01
258,258,-308.3388271111328,-181.4871128572914,0.01
259,259,177.77544692435615,-177.4088382352859,0.01
260,260,-373.2742327878324,-178.98784303677456,0.01
261,261,-37.08587603660443,-177.25203512208748,0.01
262,262,-236.35452909523337,-177.39273316395077,0.01
263,263,-44.06464644943941,-175.97000577986506,0.01
264,264,188.52453772312066,-172.059855059455,0.01
265,265,188.92695255049918,-166.95210778246633,0.01
266,266,-65.50061176228465,-165.61478377126318,0.01
267,267,-19.682885431664744,-162.8799256844065,0.01
268,268,0.9122508889043388,-160.515907786601,0.01
269,269,-250.16571826368886,-159.12775203079656,0.01
270,270,218.85294934721838,-154.22809178441753,0.01
271,271,170.62588004464675,-149.4737445799951,0.01
272,272,209.28860958560887,-144.16875918885438,0.01
273,273,-87.82267653586777,-142.08028564680177,0.01
274,274,-1.0573715437567017,-138.12869485687432,0.01
275,275,214.42831334507446,-133.48462216375412,0.01
276,276,194.79840575233928,-129.25982876717362,0.01
277,277,128.79886260819544,-126.24391416358726,0.01
278,278,185.74642796124738,-121.57062625004436,0.01
279,279,158.71317795098676,-117.49325278593935,0.01
280,280,6.947222070983059,-114.66847211021005,0.01
281,281,-35.62422310564299,-112.36745762924255,0.01
282,282,-12.480754542709859,-109.76799352705147,0.01
283,283,-61.510323082712056,-106.87699477412401,0.01
284,284,-89.1311800324883,-104.67906847202273,0.01
285,285,-6.235837719821494,-102.35002356147159,0.01
286,286,-26.114480969970646,-100.36801397285139,0.01
287,287,-74.05157165288342,-99.11598431876622,0.01
288,288,-41.9527922637982,-97.4927348469806,0.01
289,289,-101.51994289272122,-96.70127363213403,0.01
290,290,-106.97707121701671,-96.05253798633032,0.01
291,291,79.13643561632955,-93.02954369786924,0.01
292,292,200.51138773007438,-89.25696532966957,0.01
293,293,-396.26817468746674,-91.22271008847365,0.01
294,294,-238.93563660809446,-92.08036333996486,0.01
295,295,-28.350469038233527,-92.3128365285703,0.01
296,296,190.74300494943503,-90.04765320332001,0.01
297,297,217.21769920773556,-87.92846051650491,0.01
298,298,-117.99013416234037,-88.89648782196493,0.01
299,299,-121.78664376426698,-91.78164743380187,0.01
300,300,219.9608270725628,-88.5609389714037,0.01
301,301,53.61906084656572,-88.11301991282207,0.01
302,302,-231.72239738497606,-90.74817243634158,0.01
303,303,-373.90224371331783,-97.18766900946797,0.01
304,304,-15.778930932002538,-98.79500843428886,0.01
305,305,-417.23934421817864,-105.11641818196344,0.01
306,306,-389.68872385985736,-111.09603808280292,0.01
307,307,-129.10281225074152,-114.64494660430661,0.01
308,308,-303.606473600411,-117.15822380354912,0.01
309,309,13.2305447142014,-116.59891283515624,0.01
310,310,-433.6342491328192,-120.82618240492266,0.01
311,311,-218.3380033988144,-122.79877301329911,0.01
312,312,-22.294489826365076,-118.54951643883571,0.01
313,313,-60.34910529455598,-118.82896537552007,0.01
314,314,83.30107546604142,-113.31356406629767,0.01
315,315,197.32394782937837,-111.42752793505569,0.01
316,316,62.62828641597717,-109.49090857866688,0.01
317,317,187.4382962305147,-104.82620453693049,0.01
318,318,-281.6404321969394,-106.0221660817389,0.01
319,319,1.6285369639619773,-105.76782669500557,0.01
320,320,12.153520181256937,-105.11110037398653,0.01
321,321,-55.06201665764458,-103.41088747452659,0.01
322,322,-44.59179056402681,-103.686118485047,0.01
323,323,-294.87353739149586,-105.66504417024044,0.01
324,324,-12.74772980478312,-103.10675428563965,0.01
325,325,-245.03952004011595,-102.12353047751449,0.01
326,326,-53.32118454087178,-100.47102745865732,0.01
327,327,-214.55817542995675,-99.46560660427939,0.01
328,328,-41.89297327361758,-95.9622789931579,0.01
329,329,-267.7486128517902,-94.42709750470598,0.01
330,330,-201.1376519570983,-93.61735522452653,0.01
331,331,-198.29267004311282,-91.5115555469901,0.01
332,332,-41.912263179297,-88.37267108155046,0.01
333,333,-108.87747910602744,-86.40295567516476,0.01
334,334,-232.61482366884755,-85.0828165764332,0.01
335,335,-33.775892177577944,-81.99309377540617,0.01
336,336,-145.8406275575376,-80.18336703595554,0.01
337,337,-29.363109037526527,-77.80339313901764,0.01
338,338,-28.2723161081573,-75.33969598964568,0.01
339,339,-128.11644254396805,-73.22582749838472,0.01
340,340,-68.8848726163441,-76.46605454616106,0.01
341,341,-225.1075151735749,-76.37270898738674,0.01
342,342,-273.46360359254373,-75.57737761950465,0.01
343,343,-401.2640634459952,-81.02737053688736,0.01
344,344,-226.94879594319758,-80.7243169800649,0.01
345,345,-78.9418944424238,-79.3887400817346,0.01
346,346,104.89705012770571,-76.47161159428296,0.01
347,347,43.37129580857834,-73.80538208985297,0.01
348,348,-457.08218894375943,-75.32337938606061,0.01
349,349,250.3657827006471,-71.08914579675235,0.01
350,350,-14.422745328194978,-69.33014889475821,0.01
351,351,-275.59704285535105,-71.43948521611213,0.01
352,352,157.3167472573543,-66.69204348793679,0.01
353,353,230.94760286279177,-61.9124889289269,0.01
354,354,-237.36088809902037,-63.596779464780866,0.01
355,355,-126.94002355090139,-62.55192464040228,0.01
356,356,-467.9945253569694,-66.48266815109235,0.01
357,357,162.85795987624567,-64.78632693237843,0.01
358,358,0.7680823034834816,-61.69525783823226,0.01
359,359,167.60293143791904,-61.79698299309663,0.01
360,360,217.9427933231648,-55.88481273198665,0.01
361,361,-24.59665756176509,-55.75992054723826,0.01
362,362,84.05762612376967,-52.55579899504823,0.01
363,363,143.53605922346082,-50.679791938319234,0.01
364,364,191.9882531471952,-50.64515478407848,0.01
365,365,47.52501450149299,-52.059174164568546,0.01
366,366,-28.55623420434878,-51.689730388989176,0.01
367,367,56.0953221075801,-50.931948313596735,0.01
368,368,-273.1429261592573,-53.672500084078344,0.01
369,369,-257.4424680602385,-53.74526758204386,0.01
370,370,-147.67515829977725,-57.41054865851382,0.01
371,371,-123.32508744395184,-60.3500583333998,0.01
372,372,108.50011658689932,-61.35794326338689,0.01
373,373,-27.7462412875597,-60.757178910903804,0.01
374,374,67.36833053479421,-60.072921890118295,0.01
375,375,-214.40633725702133,-64.36126839613925,0.01
376,376,-46.37428865454817,-66.77299534020813,0.01
377,377,-11.279126770318067,-68.17377523399327,0.01
378,378,-165.29457001244046,-71.68418521373013,0.01
379,379,238.16887579842555,-70.88962823525574,0.01
380,380,22.04899846166228,-70.73861047134895,0.01
381,381,-81.60653338626656,-71.19843357415519,0.01
382,382,50.90865307545812,-70.56453949797351,0.01
383,383,140.87737450588847,-68.5406625220875,0.01
384,384,144.31150073989005,-66.20623571436371,0.01
385,385,208.44697050489737,-64.05940763211653,0.01
386,386,-138.5763785619521,-65.18402660803635,0.01
387,387,193.196339935225,-62.51154749215526,0.01
388,388,208.41154297510298,-60.00790413976626,0.01
389,389,-48.1189071248029,-59.47389378208707,0.01
390,390,-79.8631151908927,-59.202754221825835,0.01
391,391,-67.95302699058374,-60.673648847894974,0.01
392,392,-42.99644653194734,-63.10872719051519,0.01
393,393,81.02006842309575,-58.335844759409554,0.01
394,394,203.81408261946416,-53.90834756713397,0.01
395,395,248.54493473701555,-51.13939352938148,0.01
396,396,-0.585969190372734,-53.05268327077955,0.01
397,397,5.326774624187999,-55.17159251661503,0.01
398,398,239.2571767291036,-51.59911940770059,0.01
399,399,212.75377993783718,-48.25371517067954,0.01
400,400,155.99921553246205,-48.89333128608057,0.01
401,401,207.78002897717414,-47.351721604774475,0.01
402,402,203.83735632275855,-42.99612406769714,0.01
403,403,234.76161098272686,-36.90948552073669,0.01
404,404,-78.45052496907049,-37.53620146110736,0.01
405,405,144.9751451710649,-31.914056567214924,0.01
406,406,242.2468692881177,-25.59470063573518,0.01
407,407,250.21647877514243,-21.801507725476334,0.01
408,408,249.8979374507279,-16.26646361496495,0.01
409,409,230.27711916120015,-14.095997870494962,0.01
410,410,237.3698411865808,-7.38595696730096,0.01
411,411,-80.55796362368693,-6.008156569549685,0.01
412,412,249.21556107697583,-3.2930560605162738,0.01
413,413,-5.255412846556254,-2.7421191360362775,0.01
414,414,253.7086481002172,-1.0380434096945208,0.01
415,415,224.93794887743786,-0.7619033992139254,0.01
416,416,-521.7806546411454,-6.605992809785151,0.01
417,417,119.60600070600903,-7.284315765030207,0.01
418,418,-533.6097508132957,-9.80400895119377,0.01
419,419,241.66060334314795,-7.40368828740191,0.01
420,420,197.68624865209026,-5.548361002693577,0.01
421,421,219.21624090379356,-2.805578427079196,0.01
422,422,292.53336782191394,0.5656731567802104,0.01
423,423,-117.35462825428147,2.3408622481523516,0.01
424,424,165.5445095620022,4.123784641820205,0.01
425,425,208.33395848031066,8.65751942702447,0.01
426,426,-213.0734941535129,7.059996330898058,0.01
427,427,271.0588742167629,11.91616682736525,0.01
428,428,212.61752588215717,14.461271818922999,0.01
429,429,204.41122737570777,19.182870221197977,0.01
430,430,173.333165371718,22.927578394486144,0.01
431,431,143.3585295479286,26.34409039039656,0.01
432,432,222.0705094901807,28.983918117091342,0.01
433,433,-127.28582543217448,28.799834653829866,0.01
434,434,-178.5049462049434,29.34093342846891,0.01
435,435,-157.35526787464192,28.105139671498268,0.01
436,436,-235.6132853916013,27.207413093157637,0.01
437,437,-61.14741667338299,26.88957001679907,0.01
438,438,280.5569911838082,29.977863089718724,0.01
439,439,-201.77480055349974,29.2412795096234,0.01
440,440,-190.52505588144265,28.024877676972423,0.01
441,441,-176.43405459511294,28.511612282757042,0.01
442,442,-191.59358814981084,29.330312437184364,0.01
443,443,-288.40808368046373,30.458872234839678,0.01
444,444,250.9913262987894,35.23827345725955,0.01
445,445,-275.26014424621917,33.2750909592216,0.01
446,446,-84.07914421988708,31.38532901574567,0.01
447,447,-311.2795058138017,27.838820999521868,0.01
448,448,-228.3868753837432,30.12577413512203,0.01
449,449,239.72236308305946,30.01933993894615,0.01
450,450,206.4845211918999,32.2284126041471,0.01
451,451,-242.09870320024552,32.563396000698155,0.01
452,452,-290.04047684490723,28.089823759675546,0.01
453,453,-241.68934824641616,23.363454248583476,0.01
454,454,-198.40001063035663,23.753063023270105,0.01
455,455,-21.385668989948044,24.808606568879636,0.01
456,456,-72.25972124022951,28.76595461004703,0.01
457,457,167.33534485967544,28.81072845988134,0.01
458,458,-160.74887948664332,27.195558841980063,0.01
459,459,125.80944096083806,26.77762393720926,0.01
460,460,-299.62669884875646,21.60192901549004,0.01
461,461,-105.03295271015944,20.797566064006094,0.01
462,462,-129.33989113600998,18.663590891408305,0.01
463,463,237.740951330713,19.605639812480828,0.01
464,464,-233.66761733587725,15.349081107650104,0.01
465,465,157.36086069598,16.447439569594973,0.01
466,466,-212.2763686768094,14.61023822487037,0.01
467,467,194.94070890120028,15.998692092806571,0.01
468,468,-352.95120544208214,15.200609299978323,0.01
469,469,232.36990602629785,20.098733040843687,0.01
470,470,37.383750603818385,21.949322129879643,0.01
471,471,203.12679667619523,25.21384097108111,0.01
472,472,232.75286946472087,26.456368499859327,0.01
473,473,274.5586659003105,29.479417571738026,0.01
474,474,-205.59670301414718,26.749767236248612,0.01
475,475,-147.98532682623647,27.41397734055646,0.01
476,476,-20.935580740132465,27.66836441970062,0.01
477,477,-83.02687442734835,26.950886943130314,0.01
478,478,-224.1726445730985,26.36210619752374,0.01
479,479,173.54208616167205,25.7158383011562,0.01
480,480,208.67204216219028,27.58206873816148,0.01
481,481,-292.31242560901404,25.47500981593401,0.01
482,482,266.77646610533924,27.633687946232822,0.01
483,483,6.073147018635041,26.285645671360285,0.01
484,484,181.11601934135732,26.653690857374958,0.01
485,485,246.71786935167788,27.036399845842766,0.01
486,486,221.36711651096564,30.63583479657195,0.01
487,487,208.85286653747974,30.792400062594492,0.01
488,488,199.97582628560565,30.708042895699517,0.01
489,489,243.41631728900794,33.623395139837626,0.01
490,490,133.46929856523911,35.756719277398936,0.01
491,491,210.59512232256083,38.54220077053038,0.01
492,492,203.17258001350928,41.00389103598495,0.01
493,493,172.1981765051225,41.91567211680522,0.01
494,494,-170.35806912546064,38.17395059935597,0.01
495,495,-219.27895657295835,33.49571168625623,0.01
496,496,-242.2106835701423,31.079464542458535,0.01
497,497,247.11097035643917,33.49730649978105,0.01
498,498,272.827306619273,33.833007798682736,0.01
499,499,253.26622076063063,34.23813220691067,0.01
500,500,253.309568512306,35.211235736709114,0.01
501,501,252.1604340860416,35.65503978779779,0.01
502,502,200.60796576501605,35.62274588222037,0.01
503,503,-48.1591322939367,32.793538449453735,0.01
504,504,-105.88703442764619,32.519173354867974,0.01
505,505,-270.3859600102364,28.365562303054958,0.01
506,506,-345.7736459412545,22.48535715076124,0.01
507,507,-281.5153439527031,17.168038923482783,0.01
508,508,243.3115691653763,17.10217524062927,0.01
509,509,145.71372325271886,16.256541281544454,0.01
510,510,269.8355456543366,16.581198326222008,0.01
511,511,264.19261002520653,20.028704062710943,0.01
512,512,257.5914729878461,20.112463181819646,0.01
513,513,28.74150070526153,20.452432317337824,0.01
514,514,-43.66897687022384,17.478656067633413,0.01
515,515,-67.27235047204086,14.556553074138623,0.01
516,516,242.02297866713724,22.194589407221446,0.01
517,517,-72.18818648672404,20.276647535294117,0.01
518,518,184.9619933547084,27.462364976974158,0.01
519,519,243.98240311299975,27.485582974672674,0.01
520,520,-83.81024950678191,24.670617993083955,0.01
521,521,217.32173423889049,24.65167292643493,0.01
522,522,294.21718034270305,24.668511051642824,0.01
523,523,2.2538929306619053,25.864596263492253,0.01
524,524,248.0045557063018,26.68919672493525,0.01
525,525,288.0925759206423,27.486782899338568,0.01
526,526,-81.76122774358275,28.799905563437868,0.01
527,527,261.32518113036633,28.702568632573904,0.01
528,528,167.9439436193308,28.25583280994563,0.01
529,529,272.20256641479654,28.93374620033652,0.01
530,530,-136.90114749163348,25.831403071703008,0.01
531,531,-280.5266295713436,21.592551480510288,0.01
532,532,-35.46409464490978,19.01720543915938,0.01
533,533,-123.41796692106615,19.055884024270462,0.01
534,534,230.1072047435469,23.142005533755363,0.01
535,535,135.59392564973479,26.071497468999137,0.01
536,536,-103.81124624529019,27.38951786046225,0.01
537,537,280.63511823616557,30.807343209557736,0.01
538,538,-158.36863138717274,26.418086983847925,0.01
539,539,-177.21208932044718,26.663714096178445,0.01
540,540,144.6697152933097,30.015661807925973,0.01
541,541,-115.36603655434885,30.62634198833361,0.01
542,542,136.41683595866272,33.90644622941834,0.01
543,543,17.091668423105855,36.96144375045405,0.01
544,544,160.26404240714464,36.0541709115376,0.01
545,545,-163.06388276056214,37.17613352639417,0.01
546,546,194.07252108832643,39.9576501794763,0.01
547,547,141.1975197208769,44.4824204348231,0.01
548,548,187.84696226380424,48.64475881129855,0.01
549,549,-21.946598717524438,46.028069193292716,0.01
550,550,266.3923710643653,46.62714769201737,0.01
551,551,268.7292014480862,51.735426738500685,0.01
552,552,-113.65559016261795,53.49927560532358,0.01
553,553,22.627953787837498,56.14244862566612,0.01
554,554,214.74039457256578,60.27385267769534,0.01
555,555,230.745510717758,62.7951644747724,0.01
556,556,294.22199489443574,66.45998163611905,0.01
557,557,177.80485044360347,66.56467669195835,0.01
558,558,225.89198580492356,70.43108534487402,0.01
559,559,30.135934425107223,69.4743502795167,0.01
560,560,206.509177030818,74.53570903831245,0.01
561,561,299.4028609024333,78.58006717443837,0.01
562,562,-66.9912184100795,79.20355390169767,0.01
563,563,15.569394535405408,76.9818383337446,0.01
564,564,273.2742332057256,82.05125683916063,0.01
565,565,-22.85248058697283,80.2491234263311,0.01
566,566,234.9300186103652,84.72118729920285,0.01
567,567,258.4592053556913,85.35637226374776,0.01
568,568,77.17772245870245,89.65766154275562,0.01
569,569,0.049304883843959146,87.33445553133106,0.01
570,570,-160.49778193039734,85.3556402059889,0.01
571,571,242.48934814525725,85.74926572067952,0.01
572,572,64.98812871570871,84.0716183131894,0.01
573,573,214.26604044787584,83.46869205866506,0.01
574,574,15.315989713093842,85.67781898593746,0.01
575,575,229.44217179176235,89.45209397211747,0.01
576,576,-1.2279684529765404,89.64917009498902,0.01
577,577,-14.317908821873587,90.33625975104378,0.01
578,578,218.2620119299501,94.76060631607426,0.01
579,579,193.46698606376975,94.95985531509523,0.01
580,580,208.15837511854056,94.95471864465873,0.01
581,581,-40.48649530927104,97.47297794765616,0.01
582,582,261.7340538963146,97.42255382556591,0.01
583,583,234.43978002364017,99.70622015561598,0.01
584,584,-63.125168140738836,97.26380828079499,0.01
585,585,107.37376878945237,95.87036727517274,0.01
586,586,199.3042600118702,95.6497387101818,0.01
587,587,128.23365612441594,94.84354660605115,0.01
588,588,238.46858834041993,95.22847422659929,0.01
589,589,283.4454755886103,95.62876580959534,0.01
590,590,-43.34884442360733,93.86058437970686,0.01
591,591,205.4159262651558,93.8087924191328,0.01
592,592,283.086332763087,94.60792994662857,0.01
593,593,223.23081448637456,95.1182563264411,0.01
594,594,252.11581473571923,99.34299516505291,0.01
595,595,241.92967748940532,103.95508150567653,0.01
596,596,1.4609092575160219,106.39179743395313,0.01
597,597,217.90699180442982,106.09975764843303,0.01
598,598,244.97916036281302,105.82127618586841,0.01
599,599,12.514399792766739,103.41375797618977,0.01
600,600,196.0496293567963,102.84115858463468,0.01
601,601,195.34944676321163,102.27304871140639,0.01
602,602,205.04480048091673,102.31741705856538,0.01
603,603,151.27385443818252,104.3117469258866,0.01
604,604,11.124451091285493,105.4818617810759,0.01
605,605,253.3076285690112,110.7187976668684,0.01
606,606,27.95065860855925,114.45604071236654,0.01
607,607,217.38030933717414,119.4449972452653,0.01
608,608,284.1172757150674,119.8530543107622,0.01
609,609,-56.49917435761161,117.8309253346589,0.01
610,610,198.2346766171628,117.11491664428716,0.01
611,611,216.4942881904941,116.63793342594003,0.01
612,612,143.47800206376604,115.49679871669923,0.01
613,613,-19.764960205088386,115.01173410759574,0.01
614,614,242.6913372841058,117.87533724913905,0.01
615,615,218.74988311952927,120.73555958505476,0.01
616,616,-14.579166664385326,118.16953813173954,0.01
617,617,213.99708053491872,121.03139080195595,0.01
618,618,67.34484000012523,119.85521926841011,0.01
619,619,-3.6481308381653292,117.37891392889847,0.01
620,620,42.22551021812538,118.63927152614755,0.01
621,621,36.03890837046748,116.82644326746333,0.01
622,622,229.0384270939731,116.17465573497603,0.01
623,623,17.66296983074767,116.32874650397687,0.01
624,624,10.926056114233958,113.9579615080562,0.01
625,625,-2.8838570114390194,111.04819717873539,0.01
626,626,207.0081931979897,113.9358913881511,0.01
627,627,-10.049154553490368,111.22214803131254,0.01
628,628,267.95081841100637,112.22221677922927,0.01
629,629,9.107547525732741,109.59126659033865,0.01
630,630,27.254810425480528,111.23282616950979,0.01
631,631,10.241972682961844,114.14051219205281,0.01
632,632,-39.97902001476258,114.0953629383543,0.01
633,633,14.659165673110664,115.47613426429609,0.01
634,634,238.8590784730522,115.56365300159112,0.01
635,635,210.6293621778088,116.31400736687188,0.01
636,636,-89.4433035885633,116.45768679343914,0.01
637,637,155.78745819351792,115.20921019301267,0.01
638,638,222.03160308986537,119.01321253778306,0.01
639,639,-6.588422702046415,120.71944920396705,0.01
640,640,-16.9805448670283,119.10294660236366,0.01
641,641,271.7718774494439,122.9743257424016,0.01
642,642,296.22262188722686,124.57238360168725,0.01
643,643,15.591535241469316,124.55738226987089,0.01
644,644,18.701788932519875,123.14175973512465,0.01
645,645,187.23397223715241,126.6447382851018,0.01
646,646,192.46762676243912,126.62868934184291,0.01
647,647,-100.28225113733659,124.21389163326079,0.01
648,648,263.58645929221944,124.97128660354494,0.01
649,649,-28.174544840323122,124.90900714231695,0.01
650,650,166.8606969830698,123.91369040150397,0.01
651,651,261.89765157980105,123.84537490282109,0.01
652,652,270.0117575744956,127.68204838019223,0.01
653,653,244.60300711115718,129.90179891342544,0.01
654,654,250.18455135527833,130.25624048125258,0.01
655,655,70.57168866715224,128.6545022607465,0.01
656,656,211.5423138290764,127.82770545009292,0.01
657,657,265.2893975756866,128.70255092141377,0.01
658,658,285.9554959809957,129.3031860231745,0.01
659,659,255.9624530553587,131.561451209477,0.01
660,660,56.225330506824605,130.05861274423708,0.01
661,661,37.061055518398405,127.43519469039671,0.01
662,662,207.91580784309286,130.18426495292843,0.01
663,663,242.1763409952973,132.45033441752733,0.01
664,664,279.4261565578065,132.5118536510482,0.01
665,665,254.0414209286487,135.2807926662044,0.01
666,666,240.62834249744654,135.3377759050752,0.01
667,667,238.80854533721103,135.1412693048904,0.01
668,668,204.21460266375482,136.41163810694093,0.01
669,669,164.0476516507453,138.05162157460995,0.01
670,670,-6.870110453285264,139.58789828938106,0.01
671,671,212.11988883235267,139.284203696252,0.01
672,672,249.69498232180976,141.13127223231302,0.01
673,673,238.2296847165745,141.37090867499998,0.01
674,674,14.012708695383054,141.3578758648229,0.01
675,675,22.257392013371742,139.28602806703898,0.01
676,676,225.7962756808282,141.55627050837703,0.01
677,677,218.20216856129767,143.88147128220874,0.01
678,678,-6.451941183313238,141.6343317510761,0.01
679,679,291.77973171452356,142.61745920758366,0.01
680,680,36.33802043363298,140.8992556607346,0.01
681,681,276.97392006332814,144.0738598144606,0.01
682,682,235.41584455324428,143.8106777210299,0.01
683,683,228.06027031160212,143.74688262390953,0.01
684,684,284.19635329940684,147.22009783831095,0.01
685,685,250.79636276246305,148.65432377804106,0.01
686,686,220.52519764783102,148.86653315440066,0.01
687,687,-28.395031282084517,147.30024628033564,0.01
688,688,183.8087566268436,146.75364796319988,0.01
689,689,195.16392636466006,145.87083247096038,0.01
690,690,-8.136267809262947,146.22295823710382,0.01
691,691,-26.747188941249092,143.90132708503978,0.01
692,692,246.944729264791,143.53991105005682,0.01
693,693,254.8050584746198,143.8556534899393,0.01
694,694,239.71843856425647,143.73167972822463,0.01
695,695,-50.85829727402668,140.80379998059033,0.01
696,696,-40.427618703286285,140.3849147009823,0.01
697,697,213.98604477556003,140.3457052306936,0.01
698,698,205.60500777460737,139.95196370481156,0.01
699,699,239.33160273357962,142.2201357342197,0.01
700,700,276.66550710211277,143.02629451167286,0.01
701,701,244.74282854989823,143.52022832953972,0.01
702,702,230.69627987472003,143.7767431234778,0.01
703,703,224.20414883311636,144.5060460674271,0.01
704,704,249.8034825311122,146.89283638182536,0.01
705,705,186.73186927079516,146.2270787888432,0.01
706,706,221.92211164318772,148.16679331918948,0.01
707,707,226.31039844272613,148.25609421024498,0.01
708,708,237.82845989546274,147.79320605204896,0.01
709,709,-30.1709443030163,148.0564883525949,0.01
710,710,274.17005390719925,148.81584212549527,0.01
711,711,-36.53089766790278,146.2855902669113,0.01
712,712,186.14426430522784,146.71225288932592,0.01
713,713,178.54541260433587,148.69535661742017,0.01
714,714,2.4815998571916538,146.29325924315103,0.01
715,715,239.61377742188986,146.50189818617463,0.01
716,716,273.91631356827565,149.3868529885012,0.01
717,717,259.7099909326253,149.8439820924783,0.01
718,718,180.99730465402178,150.98050673901727,0.01
719,719,-3.7561105538554855,150.9794269418604,0.01
720,720,269.51708925826676,153.25234273226178,0.01
721,721,238.77917683779515,155.27974541693507,0.01
722,722,220.69010223672086,155.19626216836252,0.01
723,723,200.64226018621707,157.02605507191723,0.01
724,724,-76.23687739543624,156.1544257368205,0.01
725,725,1.3241099268686867,156.19650540620358,0.01
726,726,259.5250781984521,156.72167425620825,0.01
727,727,262.1239293155064,159.4434050948982,0.01
728,728,221.09858626373386,158.97488277342546,0.01
729,729,266.33724800632143,161.54717977823134,0.01
730,730,-60.16239856438227,160.67300768833272,0.01
731,731,291.7161123442469,163.4877490849456,0.01
732,732,-16.227477934641513,163.7252645057468,0.01
733,733,-177.08186463984796,161.80785420261722,0.01
734,734,225.4386964223743,161.67365038211042,0.01
735,735,241.93817158616753,161.986738476194,0.01
736,736,17.413660786281213,163.05530811994245,0.01
737,737,226.8849954604059,163.76628349261134,0.01
738,738,246.06887516325878,164.00665621334528,0.01
739,739,248.73923000770282,166.55993274044278,0.01
740,740,270.1020005463625,169.43075819457667,0.01
741,741,-1.3836106457751924,166.69920331362448,0.01
742,742,203.83739588231109,165.77535105357532,0.01
743,743,217.76707616786683,167.79710646283934,0.01
744,744,247.81840702504132,170.08827264376453,0.01
745,745,-82.86550533808091,167.38727786801218,0.01
746,746,258.5309605399451,168.04791120578724,0.01
747,747,215.31315403336947,171.20386525749433,0.01
748,748,-15.04210191700895,168.41757964540204,0.01
749,749,253.83095729425733,171.2376346667478,0.01
750,750,280.13537056562245,172.37038140257334,0.01
751,751,249.11508335748866,172.2425557203502,0.01
752,752,273.18324190494457,172.27427056365477,0.01
753,753,280.03292887420776,172.62856978128522,0.01
754,754,-24.06519996482568,169.88607226808418,0.01
755,755,274.27655434585756,171.92312092487126,0.01
756,756,192.43695072797985,171.73206729386027,0.01
757,757,258.21393636334835,171.6613126817369,0.01
758,758,245.93007891259606,171.26105851105288,0.01
759,759,199.97604758471664,170.70119445634646,0.01
760,760,-21.02807823807862,169.9286603688974,0.01
761,761,232.3241447217307,171.88129126093074,0.01
762,762,293.01591408541196,172.73229232335393,0.01
763,763,283.796612374322,173.14849503714416,0.01
764,764,258.33803248310096,172.93761379639713,0.01
765,765,-50.10847828442079,169.89611480426646,0.01
766,766,247.19485722703416,169.96177995156233,0.01
767,767,285.4329458392798,170.42802395658302,0.01
768,768,-89.98361598477015,167.48604177009776,0.01
769,769,-9.013653908744715,165.7554287145029,0.01
770,770,270.9526584577304,168.533656403613,0.01
771,771,222.19760736713155,168.63443358896077,0.01
772,772,246.27073160075264,168.6001910817502,0.01
773,773,236.0306446033261,168.57820068061773,0.01
774,774,257.6824950324086,171.01489854398798,0.01
775,775,225.71389445738527,173.0494635684281,0.01
776,776,254.73263619977817,173.3388271736176,0.01
777,777,259.1361111335208,173.74816659933987,0.01
778,778,198.4994515200359,175.79768052637328,0.01
779,779,240.9920912222732,175.28980412145083,0.01
780,780,269.2369533545389,177.6187934506599,0.01
781,781,267.3672937206345,177.52272718723296,0.01
782,782,228.8724878273968,177.4572936199745,0.01
783,783,268.49077802598913,177.86159869711838,0.01
784,784,184.76565430499195,176.86729170717427,0.01
785,785,237.784041336786,176.73716849291745,0.01
786,786,229.79080946299283,176.82982461106909,0.01
787,787,221.96532179729226,179.3334281418628,0.01
788,788,240.5643335579474,179.9009839111739,0.01
789,789,262.8513346506242,180.5778579940335,0.01
790,790,221.7283821688086,182.8765044938142,0.01
791,791,264.9831388096595,185.7938077713233,0.01
792,792,231.36528936339076,185.63801337230933,0.01
793,793,245.091011140395,185.54087289896705,0.01
794,794,265.4711400768108,185.7983999140926,0.01
795,795,245.4512235443188,188.76149512227607,0.01
796,796,237.84059169332622,191.54417722624217,0.01
797,797,217.47079132779749,191.57902469176454,0.01
798,798,250.7056559391408,192.03003117340992,0.01
799,799,291.77628360722446,192.55447798214635,0.01
800,800,184.45789606510868,191.63240187177632,0.01
801,801,249.53544928724867,191.68032807914983,0.01
802,802,250.18360834232166,191.87520136382588,0.01
803,803,265.54499755157144,192.2886098510104,0.01
804,804,255.51536331762173,192.34572865887552,0.01
805,805,265.416335875623,193.13257332492378,0.01
806,806,256.5437159020693,193.47878936751258,0.01
807,807,215.14319216580222,193.3671173047433,0.01
808,808,270.14697697784453,193.6903024755671,0.01
809,809,-57.30846837021541,193.41892723489514,0.01
810,810,214.5815190103258,192.82304188592644,0.01
811,811,243.36739563562082,195.62202481896165,0.01
812,812,273.2296369159502,196.49287854506892,0.01
813,813,223.39433338766025,196.94136775290212,0.01
814,814,190.87276770091006,198.82527943133928,0.01
815,815,-56.52011867331281,195.86394047038723,0.01
816,816,224.88976639249248,195.37367499862944,0.01
817,817,282.0926428991768,195.59750151829493,0.01
818,818,231.6763158075267,196.10429162983002,0.01
819,819,268.9020593595502,198.830873328964,0.01
820,820,281.12874490187653,198.94698988540014,0.01
821,821,239.94756386962598,198.95867375571848,0.01
822,822,278.5393279038108,199.53716601238938,0.01
823,823,245.25484341134373,199.9832918446407,0.01
824,824,297.4615810707061,203.7202764293021,0.01
825,825,270.68379824511203,206.4138733124845,0.01
826,826,238.7717405494619,206.2063399359946,0.01
827,827,278.9668797296771,206.3747694401363,0.01
828,828,233.9776248780832,206.50355982627977,0.01
829,829,-139.16512359975673,202.44853611021904,0.01
830,830,300.78943965901954,206.05805449245304,0.01
831,831,275.2836974324473,205.89373034333505,0.01
832,832,258.938647718658,208.64539159986802,0.01
833,833,265.9480222554274,213.07569046882077,0.01
834,834,260.02237668020047,213.42152727139901,0.01
835,835,240.8160944285971,213.41030649982332,0.01
836,836,272.1606119350516,215.957776011311,0.01
837,837,5.835501671246007,213.74728107341943,0.01
838,838,-82.75792636475617,210.45901305813925,0.01
839,839,290.35093406448743,210.87513009870713,0.01
840,840,224.69059834225482,210.42101607666606,0.01
841,841,-33.86139834386371,210.09623819968522,0.01
842,842,294.5023315711304,211.0028875565734,0.01
843,843,271.87788041879514,211.5439955990827,0.01
844,844,285.3638117707486,211.91944964653976,0.01
845,845,237.22463774420453,215.1203510773626,0.01
846,846,265.3902065062523,215.1889435370257,0.01
847,847,273.2550541959225,215.7683625386512,0.01
848,848,255.7292511294124,218.47607606911538,0.01
849,849,270.34752579529345,218.64124175412576,0.01
850,850,253.90735699058658,218.3789616183753,0.01
851,851,288.1905690548111,218.76971647534862,0.01
852,852,291.00444791721605,218.94792853547133,0.01
853,853,307.75173281272566,219.22511657485654,0.01
854,854,265.942141382861,222.1251899883334,0.01
855,855,273.2003604576401,222.11442804945125,0.01
856,856,291.56828433116317,223.10574138548301,0.01
857,857,269.3076774055922,223.21667879590547,0.01
858,858,267.994747329329,223.4373254800728,0.01
859,859,260.53507186187426,224.04291572284438,0.01
860,860,271.5530394155213,226.9687268993804,0.01
861,861,229.40691628891307,226.93955461505223,0.01
862,862,218.51871217628099,226.1945825959609,0.01
863,863,215.24066962438468,225.5090231684615,0.01
864,864,317.8502646246753,226.10414548987723,0.01
865,865,247.2843725250177,229.07807399797167,0.01
866,866,289.09771552905556,229.49710258099185,0.01
867,867,236.58174692916174,229.00859059189068,0.01
868,868,267.1845769233837,232.58027252097224,0.01
869,869,276.9039693223483,235.4394487532832,0.01
870,870,39.846396947831664,233.12838613818423,0.01
871,871,262.8839640614924,233.53524970512785,0.01
872,872,284.69326631650284,233.9194750522853,0.01
873,873,257.53909151265617,234.1345595213786,0.01
874,874,277.43586194828157,234.33209319053734,0.01
875,875,268.75282221608217,234.76248246812432,0.01
876,876,274.3833521441088,234.9589896275676,0.01
877,877,242.01437167029238,234.7877722329353,0.01
878,878,269.3710538113005,235.49648825584794,0.01
879,879,264.43578677037596,235.73092521132898,0.01
880,880,272.3053569406428,235.76160924719002,0.01
881,881,290.58681682394786,235.99380447822318,0.01
882,882,253.48821371504363,236.23996173709963,0.01
883,883,271.075588071005,236.26580983754982,0.01
884,884,247.53758583172032,236.8935291528171,0.01
885,885,272.4409091996335,237.2400978314456,0.01
886,886,234.57700594007872,237.28795979621643,0.01
887,887,251.5818177667604,237.58412475591112,0.01
888,888,246.06766574054143,237.63915807773705,0.01
889,889,269.32343376182575,237.70387906884906,0.01
890,890,233.74055939762295,237.8240008411372,0.01
891,891,298.57806232041224,238.1599500762447,0.01
892,892,234.38548941747584,238.19015207678555,0.01
893,893,272.81029392387404,238.46734490462038,0.01
894,894,278.14146412865836,238.59404814513883,0.01
895,895,277.78951517759185,238.91743106147155,0.01
896,896,281.62706170366675,239.35529576157495,0.01
897,897,257.400732426952,239.75459517256652,0.01
898,898,251.4552527403862,239.76209114057895,0.01
899,899,249.54947459102826,239.339823050417,0.01
900,900,295.53392300817336,240.45058331984765,0.01
901,901,269.5840623829057,240.65106945080424,0.01
902,902,231.01233108454178,240.45935667822638,0.01
903,903,264.1548830538873,240.4454555332496,0.01
904,904,290.1523340011804,240.79182524008516,0.01
905,905,266.2365503180765,240.80002738450975,0.01
906,906,245.52290062267923,240.68981923171586,0.01
907,907,273.09400727464856,241.2693273828043,0.01
908,908,245.71685565495304,241.0250261695753,0.01
909,909,271.6789300142433,244.31490015341996,0.01
910,910,250.56890548094495,244.67477401812613,0.01
911,911,275.1076171865159,244.99217623363506,0.01
912,912,311.8797155284102,245.37867701975972,0.01
913,913,231.88425097703242,245.46357619565345,0.01
914,914,285.37105322407695,246.4085590508851,0.01
915,915,299.02614956492107,249.96402173326743,0.01
916,916,214.67843512962838,249.8619084206388,0.01
917,917,312.94178404686863,250.17039983211566,0.01
918,918,281.3530879649328,250.66716755368972,0.01
919,919,278.9271378243267,250.7674183383375,0.01
920,920,263.15138638411725,250.5876447531599,0.01
921,921,253.3597009855281,250.72176612431898,0.01
922,922,266.8270129429009,250.60464297470986,0.01
923,923,304.60230937346,251.19811763433097,0.01
924,924,268.872895856365,250.91223078218758,0.01
925,925,-16.77015189759824,248.03769128076044,0.01
926,926,248.85840279110184,248.1385579031769,0.01
927,927,270.55654004862765,248.05445450636637,0.01
928,928,-13.481608317088202,245.57986217441467,0.01
929,929,240.97583820499548,249.38127179246217,0.01
930,930,248.45912865471053,248.8579686824191,0.01
931,931,258.757151090507,248.6927032189997,0.01
932,932,239.39210631699893,248.49723780498311,0.01
933,933,240.35642825985582,248.24132186502737,0.01
934,934,252.97123965306605,248.17081049475607,0.01
935,935,265.23687232757175,248.4150182737458,0.01
936,936,290.4787176212038,248.59819933060734,0.01
937,937,312.03049876110794,251.66014930150595,0.01
938,938,225.7438751705531,254.74516731685904,0.01
939,939,266.1753432096922,254.50341140831108,0.01
940,940,261.33430089235975,254.8698484338121,0.01
941,941,277.3173556139206,257.9816359733899,0.01
942,942,297.95263873312973,258.01613904500994,0.01
943,943,297.2935115350438,258.27029535617237,0.01
944,944,257.29950724899567,257.98965231095485,0.01
945,945,269.62481777468497,258.31365411125967,0.01
946,946,273.68211747942553,258.3965732209914,0.01
947,947,299.57968247333497,258.65981950376556,0.01
948,948,232.72062473236346,258.42973323979504,0.01
949,949,254.96382353512982,258.27589621719346,0.01
950,950,243.01556696451811,258.1669783169327,0.01
951,951,252.18926028714944,257.80696522925615,0.01
952,952,280.4213140416283,257.7011338905003,0.01
953,953,225.8599304609981,256.88221586698296,0.01
954,954,246.61883871087625,256.6889828402632,0.01
955,955,265.96628950466106,256.6166421307334,0.01
956,956,273.14774859959,256.4324367734177,0.01
957,957,275.9835061909537,256.4991950612713,0.01
958,958,307.23788178882717,256.89162640586625,0.01
959,959,233.60339117184492,256.622309598966,0.01
960,960,285.2821806363178,256.7596010111739,0.01
961,961,266.67751687454427,257.13230701703026,0.01
962,962,258.2051879651486,257.5291717749189,0.01
963,963,246.0266020811862,257.8370310994869,0.01
964,964,257.28180668285626,257.2313465200687,0.01
965,965,262.21964828956834,257.38069927771426,0.01
966,966,215.62472295138832,256.64596935193754,0.01
967,967,276.3581774437466,257.0437336570834,0.01
968,968,290.81650185684293,257.280052906418,0.01
969,969,-221.77284371180022,252.29328477607658,0.01
970,970,274.3352755791564,254.63817356238982,0.01
971,971,210.52005715483503,254.1145344933232,0.01
972,972,285.7353578435505,254.12495540859368,0.01
973,973,258.1465502849178,254.13102999631627,0.01
974,974,253.6402703084848,253.89307407991834,0.01
975,975,254.867416638972,253.75422002414723,0.01
976,976,266.4375276705199,253.67476177941134,0.01
977,977,241.9298614558047,253.67391667726645,0.01
978,978,288.16057575543834,253.86181189670785,0.01
979,979,243.89794169315755,253.65643344593562,0.01
980,980,199.9367466775731,252.93274734330495,0.01
981,981,255.4521742060452,252.58140091712593,0.01
982,982,272.9863501861523,252.776382281837,0.01
983,983,292.19780260061043,252.98760442713305,0.01
984,984,276.72501409285485,253.2794787097444,0.01
985,985,259.7693183729988,253.15276280147805,0.01
986,986,268.66946433041727,253.49368738538146,0.01
987,987,260.7024267487642,253.5848934752015,0.01
988,988,243.48698119446934,253.55908662974073,0.01
989,989,200.28277409876625,252.86868003311017,0.01
990,990,233.10170987535858,252.86229153788753,0.01
991,991,272.29384140246486,252.59944932870803,0.01
992,992,281.5391832849406,253.0709862673827,0.01
993,993,266.634718402229,253.00923051216628,0.01
994,994,269.374521924624,252.92156109012592,0.01
995,995,278.18804890670606,252.92554642741703,0.01
996,996,229.47455010371647,252.40402131141752,0.01
997,997,265.23045457876594,252.48231853293566,0.01
998,998,274.7159742028578,252.7149257475604,0.01
999,999,236.67766398569654,252.58620764150706,0.01
